Title,Impact Factor,Type,H index
ieee/acmtransactionsonnetworking,3.11,journal,152
ieee/acmtransactionsonaudiospeechandlanguageprocessing,2.95,journal,20
ieee/asmetransactionsonmechatronics,3.9360000000000004,journal,104
ieeejournalonselectedtopicsinsignalprocessing,4.361000000000001,journal,83
journalofstatisticalsoftware,22.737,journal,103
molecularsystemsbiology,8.5,journal,123
bioinformatics,5.481,journal,318
journalofoperationsmanagement,4.899,journal,158
journalofserviceresearch,6.8420000000000005,journal,97
gigascience,7.267,journal,24
journalofsupplychainmanagement,6.105,journal,71
ieeetransactionsonfuzzysystems,8.415,journal,163
npjcomputationalmaterials,8.941,journal,10
npjquantuminformation,9.206,journal,9
ieeetransactionsonevolutionarycomputation,8.124,journal,145
ieeetransactionsonautomaticcontrol,5.007,journal,245
ieeetransactionsonneuralnetworksandlearningsystems,7.982,journal,169
internetandhighereducation,5.847,journal,66
ieeetransactionsoncybernetics,8.802999999999999,journal,60
msystems,5.75,journal,11
isprsjournalofphotogrammetryandremotesensing,5.994,journal,99
informationsystemsresearch,2.301,journal,135
ploscomputationalbiology,3.955,journal,138
scientificdata,5.305,journal,26
journalofcomputer-mediatedcommunication,4.0,journal,96
operationsresearch,2.263,journal,115
computermethodsinappliedmechanicsandengineering,4.441,journal,162
ieeetransactionsonsmartgrid,7.364,journal,102
recall,2.206,journal,28
physicsoflifereviews,13.783,journal,48
cognitivepsychology,3.1039999999999996,journal,104
statisticsandcomputing,1.851,journal,57
briefingsinbioinformatics,6.3020000000000005,journal,83
softrobotics,5.0569999999999995,journal,17
journalofchemicaltheoryandcomputation,5.399,journal,132
journalofmanagementinformationsystems,2.7439999999999998,journal,122
internationaljournalofroboticsresearch,4.047,journal,128
frontiersinneuroinformatics,3.074,journal,41
ieeetransactionsonpatternanalysisandmachineintelligence,9.455,journal,305
neuralnetworks,7.197,journal,121
internationaljournalofcomputervision,11.540999999999999,journal,165
ieeecommunicationsmagazine,9.27,journal,199
siamjournalonoptimization,2.1830000000000003,journal,99
ieeetransactionsonindustrialelectronics,7.05,journal,217
foundationsofcomputationalmathematics,3.056,journal,44
journalofinformetrics,3.484,journal,54
journalofcomputationalphysics,2.864,journal,205
computersandgeotechnics,3.138,journal,72
medicalimageanalysis,5.356,journal,105
ieeetransactionsonmedicalimaging,6.131,journal,187
journalofmemoryandlanguage,2.8289999999999997,journal,125
ieeewirelesscommunications,9.202,journal,129
oceanmodelling,3.013,journal,67
informationfusion,6.638999999999999,journal,72
ieeetransactionsonrobotics,4.263999999999999,journal,121
mechanicalsystemsandsignalprocessing,4.37,journal,121
computationalmechanics,2.7239999999999998,journal,82
computationalmaterialsscience,2.53,journal,91
informationsystemsjournal,4.2669999999999995,journal,74
journalofinformationtechnology,4.535,journal,66
ieeesignalprocessingmagazine,7.4510000000000005,journal,146
ieeegeoscienceandremotesensingmagazine,4.9319999999999995,journal,13
ieeejournalonselectedareasincommunications,7.172000000000001,journal,207
computerphysicscommunications,3.748,journal,142
journalofstrategicinformationsystems,4.313,journal,72
journalofmaterialsprocessingtechnology,3.647,journal,143
journalofscientificcomputing,1.814,journal,59
internationaljournalofgeneralsystems,2.931,journal,40
decisionsupportsystems,3.565,journal,115
informationsciences,4.305,journal,142
acmcomputingsurveys,5.55,journal,127
europeanjournalofinformationsystems,3.197,journal,88
ieeetransactionsonindustrialinformatics,5.43,journal,85
astronomyandcomputing,2.7539999999999996,journal,13
internationaljournalofcomputer-supportedcollaborativelearning,3.273,journal,46
neuroinformatics,3.852,journal,48
computersinhumanbehavior,3.536,journal,123
journalofmanufacturingsystems,3.699,journal,47
computationalandstructuralbiotechnologyjournal,4.148,journal,21
ieeenetwork,7.197,journal,106
informsjournaloncomputing,1.392,journal,65
journalofenvironmentalinformatics,4.521,journal,24
bmcbioinformatics,2.213,journal,176
structuralandmultidisciplinaryoptimization,2.8760000000000003,journal,88
journaloffieldrobotics,3.46,journal,77
acmtransactionsoncomputersystems,1.76,journal,64
cognitivescience,2.617,journal,94
ietcontroltheoryandapplications,3.2960000000000003,journal,91
archivesofcomputationalmethodsinengineering,6.605,journal,47
journalofcomputerassistedlearning,1.859,journal,76
internationaljournalofhealthgeographics,2.5,journal,59
europeanjournalofcombinatorics,0.9279999999999999,journal,38
knowledge-basedsystems,4.396,journal,82
ieeetransactionsonimageprocessing,5.071000000000001,journal,227
internationaljournalofinformationmanagement,4.516,journal,82
bitnumericalmathematics,1.425,journal,46
journalofchemicalinformationandmodeling,3.804,journal,137
acmtransactionsongraphics,4.3839999999999995,journal,168
computerassistedlanguagelearning,1.9280000000000002,journal,35
ieeeinternetofthingsjournal,5.8629999999999995,journal,31
algorithmsformolecularbiology,1.536,journal,29
journalofglobaloptimization,1.4069999999999998,journal,70
journaloftheassociationforinformationscienceandtechnology,2.835,journal,118
mechanismandmachinetheory,2.7960000000000003,journal,88
telematicsandinformatics,3.7889999999999997,journal,42
cyberpsychologybehaviorandsocialnetworking,2.6889999999999996,journal,112
internationaljournalofneuralsystems,4.58,journal,50
ieeecomputationalintelligencemagazine,6.611000000000001,journal,44
journalofintelligenttransportationsystems,2.164,journal,33
ieeetransactionsoninformationforensicsandsecurity,5.824,journal,85
journalofmachinelearningresearch,2.281,journal,160
expertsystemswithapplications,3.7680000000000002,journal,145
mathematicsofoperationsresearch,1.078,journal,66
internationaljournalofmolecularsciences,3.687,journal,95
journalofsemantics,1.5,journal,29
ieeetransactionsonsignalprocessing,4.203,journal,220
ieeetransactionsonwirelesscommunications,5.888,journal,177
acmtransactionsonmathematicalsoftware,2.905,journal,71
socialsciencecomputerreview,3.253,journal,56
inverseproblems,1.946,journal,94
journaloftheacm,1.744,journal,114
journalofcheminformatics,3.8930000000000002,journal,34
informationandorganization,1.857,journal,52
communicationsinappliedmathematicsandcomputationalscience,2.125,journal,17
internationaljournalfornumericalmethodsinfluids,1.673,journal,94
journalofintelligentmanufacturing,3.667,journal,63
ieeetransactionsonintelligenttransportationsystems,4.051,journal,102
advancedengineeringinformatics,3.358,journal,64
ieeetransactionsoninformationtheory,2.187,journal,241
advancesinengineeringsoftware,3.198,journal,61
computer-aidedcivilandinfrastructureengineering,5.475,journal,61
internationaljournalofcontrol,2.173,journal,99
ieeetransactionsonneuralsystemsandrehabilitationengineering,3.972,journal,114
smartmaterialsandstructures,2.963,journal,124
fuzzysetsandsystems,2.675,journal,144
ieeetransactionsonknowledgeanddataengineering,2.775,journal,138
autonomousrobots,2.244,journal,91
ieeetransactionsonaffectivecomputing,4.585,journal,40
finiteelementsinanalysisanddesign,2.253,journal,62
scientometrics,2.173,journal,90
journalofscheduling,1.153,journal,52
isatransactions,3.37,journal,54
internationaljournalofgeographicalinformationscience,2.37,journal,93
bmcsystemsbiology,2.05,journal,67
journalofprocesscontrol,2.787,journal,95
advancesindataanalysisandclassification,1.653,journal,19
foundationsandtrendsininformationretrieval,3.125,journal,23
neurocomputing,3.241,journal,100
internationaljournalofintelligentsystems,3.363,journal,66
internationaltransactionsinoperationalresearch,2.4,journal,41
controlengineeringpractice,2.616,journal,99
patternrecognition,3.9619999999999997,journal,168
swarmandevolutionarycomputation,3.818,journal,35
roboticsandcomputer-integratedmanufacturing,3.464,journal,72
ieeetransactionsoncloudcomputing,7.928,journal,25
journalofbiomedicalinformatics,2.8819999999999997,journal,76
computersinindustry,2.85,journal,84
internationaljournalfornumericalmethodsinbiomedicalengineering,2.338,journal,48
internationaljournalofsocialrobotics,2.009,journal,33
journalofheuristics,1.129,journal,57
topicsincognitivescience,2.2840000000000003,journal,42
vldbjournal,2.6889999999999996,journal,73
internationaljournalofadvancedmanufacturingtechnology,2.6010000000000004,journal,90
ieeejournalofbiomedicalandhealthinformatics,3.85,journal,94
computationalgeosciences,2.7260000000000004,journal,51
ieeetransactionsonparallelanddistributedsystems,3.971,journal,110
biodatamining,1.857,journal,20
electronicjournalofcombinatorics,0.762,journal,37
journalofbuildingperformancesimulation,2.603,journal,26
ieeetransactionsonmultimedia,3.977,journal,101
journalofbiomedicalsemantics,1.6,journal,26
multibodysystemdynamics,2.718,journal,54
epjdatascience,2.9819999999999998,journal,17
journalofcomputer-aidedmoleculardesign,2.356,journal,87
designstudies,2.133,journal,75
journalofelectroniccommerceresearch,1.6669999999999998,journal,20
networks,1.121,journal,52
signalprocessing,3.47,journal,105
journalofpragmatics,1.0390000000000001,journal,69
internationaljournalofadaptivecontrolandsignalprocessing,2.082,journal,56
semanticweb,2.224,journal,30
cognitivecomputation,3.4789999999999996,journal,28
evolutionarybioinformatics,1.8769999999999998,journal,25
technologypedagogyandeducation,1.58,journal,24
artificialintelligence,3.034,journal,129
fuzzyoptimizationanddecisionmaking,2.022,journal,44
siamjournaloncomputing,0.902,journal,90
engineeringapplicationsofartificialintelligence,2.819,journal,82
acmtransactionsonintelligentsystemsandtechnology,2.9730000000000003,journal,40
ieeetransactionsonservicescomputing,4.418,journal,48
ieeetransactionsonvisualizationandcomputergraphics,3.0780000000000003,journal,110
journalofmanufacturingtechnologymanagement,2.194,journal,56
internationaljournalofapproximatereasoning,1.766,journal,81
dataminingandknowledgediscovery,2.481,journal,83
photogrammetricrecord,1.9169999999999998,journal,40
mathematicsofcontrolsignalsandsystems,0.875,journal,33
multisensoryresearch,2.339,journal,46
electronicmarkets,3.818,journal,21
artificialintelligencereview,3.8139999999999996,journal,58
journalofenterpriseinformationmanagement,2.4819999999999998,journal,48
annualreviewsincontrol,2.32,journal,64
journalofcomputationalbiology,1.1909999999999998,journal,88
informationsystemsfrontiers,3.2319999999999998,journal,51
modellingandsimulationinmaterialsscienceandengineering,1.7930000000000001,journal,64
ieeetransactionsonmobilecomputing,4.098,journal,116
electroniccommerceresearchandapplications,2.582,journal,60
ieeeintelligenttransportationsystemsmagazine,3.0189999999999997,journal,24
computersandelectronicsinagriculture,2.427,journal,85
queueingsystems,1.171,journal,46
informationsystems,2.551,journal,72
journalofforecasting,0.934,journal,48
mechatronics,2.423,journal,74
telecommunicationspolicy,2.0869999999999997,journal,57
computermethodsandprogramsinbiomedicine,2.674,journal,75
journalofnetworkandcomputerapplications,3.991,journal,68
ieeetransactionsonlearningtechnologies,1.869,journal,36
networksandheterogeneousmedia,1.187,journal,25
ecologicalinformatics,1.82,journal,38
internationaljournalofcomputerintegratedmanufacturing,1.995,journal,44
artificialintelligenceinmedicine,2.8789999999999996,journal,72
internationaljournalofsystemsscience,2.185,journal,59
engineeringapplicationsofcomputationalfluidmechanics,1.9180000000000001,journal,18
ieeetransactionsonvehiculartechnology,4.4319999999999995,journal,136
acmtransactionsondatabasesystems,1.0,journal,74
informationsociety,1.889,journal,68
ieeesignalprocessingletters,2.813,journal,112
acmtransactionsoninformationandsystemsecurity,2.591,journal,73
internationaljournalofappliedmathematicsandcomputerscience,1.694,journal,38
internationaljournalofdigitalearth,2.7460000000000004,journal,30
computationalmethodsandfunctiontheory,0.5710000000000001,journal,8
aslibjournalofinformationmanagement,1.4609999999999999,journal,34
journalofmathematicalimagingandvision,1.9269999999999998,journal,61
biomedicalsignalprocessingandcontrol,2.783,journal,41
internationaljournalofbio-inspiredcomputation,2.266,journal,29
enterpriseinformationsystems,1.683,journal,40
bulletinofmathematicalbiology,1.484,journal,74
computervisionandimageunderstanding,2.391,journal,116
computerizedmedicalimagingandgraphics,2.435,journal,60
roboticsandautonomoussystems,2.638,journal,94
internationaljournalofsimulationmodelling,1.942,journal,18
communicationsoftheacm,3.063,journal,183
swarmintelligence,1.52,journal,28
quantuminformationprocessing,2.283,journal,38
ieeetransactionsoncognitiveanddevelopmentalsystems,1.952,journal,26
internationaljournalofcomputerizeddentistry,1.725,journal,24
internationaljournalofmachinelearningandcybernetics,2.6919999999999997,journal,26
journalofgridcomputing,2.8,journal,43
journalofcomputingincivilengineering,1.798,journal,59
machinelearning,1.855,journal,129
memeticcomputing,1.925,journal,23
acmtransactionsoncomputingeducation,1.535,journal,22
journalofartificialintelligenceresearch,1.2570000000000001,journal,99
mathematicalmethodsofoperationsresearch,0.843,journal,38
simulationmodellingpracticeandtheory,2.092,journal,51
computeraidedgeometricdesign,1.5219999999999998,journal,61
journalofinformationscience,1.939,journal,54
acmtransactionsonknowledgediscoveryfromdata,1.489,journal,40
chemometricsandintelligentlaboratorysystems,2.701,journal,104
knowledgeandinformationsystems,2.247,journal,52
ieeetransactionsoncomputers,3.052,journal,106
journalofcomputerinformationsystems,1.557,journal,51
operationsresearchletters,0.643,journal,63
biologicalcybernetics,1.44,journal,85
integratedcomputer-aidedengineering,3.667,journal,34
internationaljournalofmobilecommunications,1.742,journal,37
complexanalysisandoperatortheory,0.799,journal,15
patternrecognitionletters,1.952,journal,129
interactivelearningenvironments,1.604,journal,31
human-centriccomputingandinformationsciences,1.9669999999999999,journal,21
ieeetransactionsonemergingtopicsincomputing,3.6260000000000003,journal,24
profesionaldelainformacion,1.318,journal,20
journalofautomatedreasoning,1.321,journal,48
internationaljournalofcriticalinfrastructureprotection,2.15,journal,24
journalofeducationalcomputingresearch,1.234,journal,52
informationtechnologyandlibraries,0.968,journal,30
digitalinvestigation,1.771,journal,39
ieeetransactionsonnetworkandservicemanagement,3.286,journal,31
journalofcomputingandinformationscienceinengineering,1.588,journal,43
onlineinformationreview,1.675,journal,46
gamesandculture,1.5,journal,37
appliedclinicalinformatics,1.138,journal,18
journalofmedicalsystems,2.0980000000000003,journal,57
internationaljournalofcontrolautomationandsystems,2.173,journal,42
internationaljournalofcomputerassistedradiologyandsurgery,1.9609999999999999,journal,33
journalofdocumentation,1.157,journal,56
mathematicsandcomputersinsimulation,1.476,journal,61
imageandvisioncomputing,2.1590000000000003,journal,111
gamesforhealthjournal,1.876,journal,16
ieeetransactionsonhuman-machinesystems,2.563,journal,99
appliedintelligence,1.983,journal,49
computergraphicsforum,2.046,journal,94
softcomputing,2.367,journal,56
discretemathematicsandtheoreticalcomputerscience,0.569,journal,18
opticalmaterials,2.32,journal,89
computersinbiologyandmedicine,2.115,journal,68
smartstructuresandsystems,2.231,journal,33
ieeecommunicationsletters,2.7230000000000003,journal,122
theoryanddecision,0.522,journal,30
informationandsoftwaretechnology,2.627,journal,81
journalofadvancedtransportation,1.102,journal,31
computermethodsinbiomechanicsandbiomedicalengineering,1.974,journal,48
cognitiveprocessing,1.15,journal,36
journalofcombinatorialoptimization,0.927,journal,39
engineeringoptimization,1.6219999999999999,journal,52
molecularinformatics,1.955,journal,59
acmtransactionsoncomputationallogic,0.731,journal,43
ieeetransactionsonnanotechnology,2.8569999999999998,journal,69
molecularsimulation,1.449,journal,46
ecologicalpsychology,0.667,journal,42
dynamicgamesandapplications,1.073,journal,14
requirementsengineering,1.75,journal,45
ieeetransactionsonnanobioscience,2.158,journal,53
operationalresearch,1.8159999999999998,journal,13
internationaljournalofcomputationalintelligencesystems,2.0,journal,31
algorithmica,0.667,journal,64
ieeeintelligentsystems,2.596,journal,105
internationaljournalofinformationsecurity,1.6580000000000001,journal,33
designscodesandcryptography,1.114,journal,48
ieeeaccess,3.557,journal,36
speechcommunication,1.585,journal,87
perception,1.371,journal,79
ieeecircuitsandsystemsmagazine,3.9330000000000003,journal,43
journalofcomputerandsystemsciences,1.4969999999999999,journal,78
numericalfunctionalanalysisandoptimization,0.8270000000000001,journal,38
journalofdigitalimaging,1.536,journal,44
computerspeechandlanguage,1.776,journal,58
discreteoptimization,0.48,journal,28
ieeetransactionsonhaptics,1.869,journal,35
circuitssystemsandsignalprocessing,1.9980000000000002,journal,41
acmtransactionsonprogramminglanguagesandsystems,0.759,journal,63
adhocnetworks,3.1510000000000002,journal,73
informationsystemsmanagement,1.255,journal,50
theoryandpracticeoflogicprogramming,0.875,journal,36
human-computerinteraction,3.3789999999999996,journal,62
actainformatica,0.8859999999999999,journal,33
ethicsandinformationtechnology,1.08,journal,40
neuralprocessingletters,1.787,journal,43
internationaljournalofhuman-computerinteraction,1.2590000000000001,journal,51
journalofcomputationalscience,1.925,journal,26
journalofopticalcommunicationsandnetworking,2.742,journal,46
informationandcomputation,1.077,journal,64
journalofvisualcommunicationandimagerepresentation,1.8359999999999999,journal,62
engineering,2.667,journal,8
journalofcomputationalfinance,0.758,journal,8
journalofparallelanddistributedcomputing,1.815,journal,70
computernetworks,2.522,journal,113
internationaljournalofhumanoidrobotics,0.9079999999999999,journal,24
multidimensionalsystemsandsignalprocessing,2.088,journal,30
moleculardiversity,2.229,journal,50
acmtransactionsonsoftwareengineeringandmethodology,1.946,journal,68
ieeetransactionsoncomputationalintelligenceandaiingames,0.897,journal,32
appliedontology,0.774,journal,24
appliedcategoricalstructures,0.32899999999999996,journal,23
flowmeasurementandinstrumentation,1.4069999999999998,journal,46
theoreticalcomputerscience,0.772,journal,100
acmtransactionsonautonomousandadaptivesystems,1.216,journal,33
signalimageandvideoprocessing,1.643,journal,24
engineeringwithcomputers,1.9509999999999998,journal,39
machinevisionandapplications,1.306,journal,53
journalofintelligentinformationsystems,1.107,journal,47
geoinformatica,2.0909999999999997,journal,45
journaloftheoreticalandappliedelectroniccommerceresearch,0.774,journal,21
softwareandsystemsmodeling,1.722,journal,41
journalofsystemsandsoftware,2.278,journal,89
internationaljournaloffuzzysystems,2.396,journal,26
informatica,1.386,journal,28
acmtransactionsonmodelingandcomputersimulation,0.9309999999999999,journal,42
performanceevaluation,1.786,journal,57
internationaljournalofcomputationalmethods,0.805,journal,27
computercommunications,2.613,journal,85
journaloffunctionalprogramming,0.703,journal,45
acmtransactionsonsensornetworks,2.313,journal,54
internationaljournalofcomputermathematics,1.054,journal,38
internationaljournalondocumentanalysisandrecognition,1.298,journal,42
frontiersinneurorobotics,2.6060000000000003,journal,19
graphicalmodels,1.0190000000000001,journal,50
internationaljournalformultiscalecomputationalengineering,1.016,journal,23
sigmodrecord,1.261,journal,128
empiricalsoftwareengineering,2.9330000000000003,journal,54
ieeesoftware,2.8789999999999996,journal,96
ieeetransactionsonverylargescaleintegration(vlsi)systems,1.744,journal,92
optimizationandengineering,1.3519999999999999,journal,31
distributedcomputing,0.84,journal,40
formalmethodsinsystemdesign,0.825,journal,44
engineeringcomputations,1.177,journal,47
electroniclibrary,0.8,journal,32
internationaljournalofmedicalroboticsandcomputerassistedsurgery,1.472,journal,42
journalofsystemsscienceandsystemsengineering,0.7659999999999999,journal,20
photonicsandnanostructures-fundamentalsandapplications,1.575,journal,32
computationaleconomics,1.038,journal,33
universalaccessintheinformationsociety,1.176,journal,34
intelligentservicerobotics,0.9329999999999999,journal,22
ietbiometrics,1.8359999999999999,journal,15
autonomousagentsandmulti-agentsystems,1.176,journal,61
expertsystems,1.43,journal,31
journalofsimulation,1.218,journal,17
aimagazine,1.032,journal,62
acmtransactionsoninternettechnology,1.7269999999999999,journal,47
libraryhitech,0.759,journal,31
acmtransactionsontheweb,1.163,journal,38
informationsystemsande-businessmanagement,1.032,journal,28
advancesinmathematicsofcommunications,0.564,journal,15
computationallinguistics,1.319,journal,82
electroniccommerceresearch,1.489,journal,31
ieeemultimedia,1.8980000000000001,journal,61
i-perception,0.9420000000000001,journal,20
informationtechnologyfordevelopment,1.3869999999999998,journal,27
journalofvisuallanguagesandcomputing,0.971,journal,40
annalsofmathematicsandartificialintelligence,0.899,journal,46
ieeemicro,1.913,journal,84
informationprocessingletters,0.7929999999999999,journal,66
internationaljournaloftechnologymanagement,0.8690000000000001,journal,48
computationalintelligence,1.3519999999999999,journal,44
eurasipjournalonimageandvideoprocessing,1.7369999999999999,journal,28
acmtransactionsonmultimediacomputingcommunicationsandapplications,2.019,journal,39
journalofsupercomputing,1.5319999999999998,journal,42
inverseproblemsinscienceandengineering,1.125,journal,26
visualcomputer,1.036,journal,57
personalandubiquitouscomputing,1.9240000000000002,journal,73
logicalmethodsincomputerscience,0.508,journal,28
journalofbioinformaticsandcomputationalbiology,0.991,journal,38
naturalcomputing,0.86,journal,33
internationaljournalofdesign,1.163,journal,28
computationalcomplexity,0.48700000000000004,journal,32
ietinformationsecurity,0.89,journal,23
journaloflogicandcomputation,0.74,journal,48
internationaljournalofimagingsystemsandtechnology,1.423,journal,41
statisticalanalysisanddatamining,0.865,journal,25
ietsignalprocessing,1.25,journal,30
ieeeinternetcomputing,1.929,journal,101
patternanalysisandapplications,1.281,journal,46
formalaspectsofcomputing,0.845,journal,36
artificiallife,0.897,journal,49
geneticprogrammingandevolvablemachines,1.455,journal,34
rairo-theoreticalinformaticsandapplications,0.35,journal,25
robotica,1.177,journal,56
theoryofcomputingsystems,0.45799999999999996,journal,35
pervasiveandmobilecomputing,2.9739999999999998,journal,50
computerapplicationsinengineeringeducation,1.153,journal,22
internationaljournalofcircuittheoryandapplications,1.444,journal,44
spatialcognitionandcomputation,0.88,journal,26
journaloflogiclanguageandinformation,0.536,journal,27
journalofmolecularmodeling,1.507,journal,57
advancedrobotics,0.961,journal,52
knowledgeengineeringreview,1.07,journal,54
journalofuniversalcomputerscience,1.0659999999999998,journal,47
journalonmultimodaluserinterfaces,1.14,journal,19
internationaljournaloffoundationsofcomputerscience,0.353,journal,33
problemsofinformationtransmission,0.359,journal,15
journalofambientintelligenceandhumanizedcomputing,1.423,journal,19
parallelcomputing,0.938,journal,59
internationaljournalofhighperformancecomputingapplications,2.015,journal,54
journalofcryptology,1.056,journal,64
ieeecomputerarchitectureletters,1.521,journal,27
journaloforganizationalandendusercomputing,0.7440000000000001,journal,27
ietimageprocessing,1.401,journal,29
wirelessnetworks,1.9809999999999999,journal,79
fundamentainformaticae,0.725,journal,57
internationaljournalonsoftwaretoolsfortechnologytransfer,1.077,journal,47
cyberneticsandsystems,1.197,journal,33
journalofinternettechnology,1.301,journal,15
bigdata,1.489,journal,14
internationaljournalofadvancedroboticsystems,0.9520000000000001,journal,34
internationaljournalofcommunicationsystems,1.7169999999999999,journal,37
ieeepervasivecomputing,3.022,journal,88
computationalintelligenceandneuroscience,1.649,journal,37
journaloflogicalandalgebraicmethodsinprogramming,0.634,journal,7
journalofanalyticalmethodsinchemistry,1.262,journal,16
journalofaerospaceinformationsystems,1.095,journal,26
eurasipjournalonadvancesinsignalprocessing,1.639,journal,73
journalofreal-timeimageprocessing,1.574,journal,25
kybernetika,0.632,journal,31
economiccomputationandeconomiccyberneticsstudiesandresearch,0.664,journal,13
studiesininformaticsandcontrol,1.02,journal,14
computerjournal,0.792,journal,52
newreviewofhypermediaandmultimedia,1.0,journal,27
frontiersofcomputerscience,1.105,journal,22
iranianjournaloffuzzysystems,1.27,journal,19
automatedsoftwareengineering,1.806,journal,39
journalofcomputerandsystemssciencesinternational,0.5539999999999999,journal,17
internationaljournalofmodernphysicsc,0.919,journal,54
chinacommunications,1.514,journal,20
softwarequalityjournal,1.5959999999999999,journal,35
multimediasystems,1.703,journal,52
journalofconsciousnessstudies,0.725,journal,57
acmtransactionsonstorage,0.927,journal,33
acmjournalonemergingtechnologiesincomputingsystems,1.672,journal,30
cognitivesystemsresearch,1.425,journal,41
acmtransactionsoncomputer-humaninteraction,0.972,journal,78
eurasipjournalonwirelesscommunicationsandnetworking,2.407,journal,49
scienceofcomputerprogramming,0.74,journal,58
mathematicalstructuresincomputerscience,1.094,journal,35
connectionscience,0.9329999999999999,journal,37
rairo-operationsresearch,0.478,journal,22
internationalarabjournalofinformationtechnology,0.466,journal,19
journalofcomputerscienceandtechnology,0.878,journal,36
virtualreality,1.375,journal,35
nanocommunicationnetworks,2.07,journal,25
displays,1.175,journal,49
opticalswitchingandnetworking,1.113,journal,23
interactingwithcomputers,0.809,journal,70
computeraidedsurgery,1.2,journal,55
malaysianjournalofcomputerscience,0.65,journal,15
kybernetes,0.98,journal,30
controlengineeringandappliedinformatics,0.698,journal,11
ietcomputervision,1.087,journal,25
constraints,0.66,journal,39
multimediatoolsandapplications,1.541,journal,45
acmtransactionsondesignautomationofelectronicsystems,0.87,journal,46
systemsengineering,0.797,journal,39
peer-to-peernetworkingandapplications,1.514,journal,15
securityandcommunicationnetworks,0.904,journal,23
acmtransactionsonreconfigurabletechnologyandsystems,1.014,journal,22
intelligentdataanalysis,0.691,journal,41
acmtransactionsonappliedperception,0.9620000000000001,journal,38
itprofessional,1.618,journal,37
distributedandparalleldatabases,0.925,journal,39
technologyandhealthcare,0.7170000000000001,journal,39
informationvisualization,0.9229999999999999,journal,40
ibmjournalofresearchanddevelopment,0.9620000000000001,journal,89
journalofglobalinformationtechnologymanagement,1.0,journal,27
appliedartificialintelligence,0.5870000000000001,journal,50
journalofcommunicationsandnetworks,1.252,journal,37
internationaljournalofdatawarehousingandmining,0.7809999999999999,journal,19
journalofnetworkandsystemsmanagement,1.75,journal,28
naturallanguageengineering,0.8,journal,48
photonicnetworkcommunications,1.203,journal,30
kineticsandcatalysis,0.9259999999999999,journal,27
ietcommunications,1.443,journal,51
mindsandmachines,0.8420000000000001,journal,31
wirelesspersonalcommunications,1.2,journal,42
databaseforadvancesininformationsystems,0.4,journal,50
digitalscholarshipinthehumanities,0.563,journal,6
biologicallyinspiredcognitivearchitectures,0.787,journal,12
real-timesystems,1.595,journal,50
internationaljournalofwaveletsmultiresolutionandinformationprocessing,0.54,journal,20
internationaljournalofcooperativeinformationsystems,0.2,journal,41
internationaljournalofdistributedsensornetworks,1.787,journal,31
journalofsystemsarchitecture,0.9129999999999999,journal,40
journalofcellularautomata,0.511,journal,11
journalofsystemsengineeringandelectronics,0.5720000000000001,journal,25
ieeelatinamericatransactions,0.502,journal,16
computersystemsscienceandengineering,0.855,journal,23
progressincomputationalfluiddynamics,0.47200000000000003,journal,23
internationaljournalofsensornetworks,0.878,journal,26
interactionstudies,0.867,journal,31
internationaljournalofparallelprogramming,0.897,journal,29
internationaljournalofnetworkmanagement,1.34,journal,23
newgenerationcomputing,0.722,journal,25
internationaljournalofaviationpsychology,0.8240000000000001,journal,37
aicommunications,0.461,journal,34
informationtechnologyandcontrol,0.8,journal,14
microprocessorsandmicrosystems,1.0490000000000002,journal,31
journalofelectronicimaging,0.78,journal,57
journalofimagingscienceandtechnology,0.535,journal,39
modelingidentificationandcontrol,0.667,journal,20
ieicetransactionsoncommunications,1.09,journal,49
journalofmultiple-valuedlogicandsoftcomputing,0.43700000000000006,journal,20
journalofglobalinformationmanagement,0.613,journal,36
internationaljournalofunconventionalcomputing,1.022,journal,15
etrijournal,0.7390000000000001,journal,40
internationaljournalofwebandgridservices,1.071,journal,23
lmsjournalofcomputationandmathematics,0.395,journal,8
computerscienceandinformationsystems,0.613,journal,19
ieeeannalsofthehistoryofcomputing,0.619,journal,20
programmingandcomputersoftware,0.267,journal,13
mobileinformationsystems,0.958,journal,23
mathematicalandcomputermodellingofdynamicalsystems,0.586,journal,28
journalofambientintelligenceandsmartenvironments,0.878,journal,22
ieeecomputergraphicsandapplications,1.64,journal,81
internationaljournalofdataminingandbioinformatics,0.652,journal,17
computeranimationandvirtualworlds,0.6970000000000001,journal,41
computermusicjournal,0.568,journal,35
scientificprogramming,1.344,journal,28
defencesciencejournal,0.51,journal,22
analogintegratedcircuitsandsignalprocessing,0.8,journal,42
internationaljournalofadhocandubiquitouscomputing,0.648,journal,19
ietcomputersanddigitaltechniques,0.639,journal,39
ieeeconsumerelectronicsmagazine,1.4340000000000002,journal,12
turkishjournalofelectricalengineeringandcomputersciences,0.58,journal,23
ietsoftware,0.9470000000000001,journal,37
advancesinelectricalandcomputerengineering,0.6990000000000001,journal,19
computingandinformatics,0.41,journal,23
ieicetransactionsoninformationandsystems,0.5,journal,45
internationaljournalonartificialintelligencetools,0.565,journal,22
transinformacao,0.255,journal,4
ietejournalofresearch,0.8290000000000001,journal,18
computationalandmathematicalorganizationtheory,0.6409999999999999,journal,23
ksiitransactionsoninternetandinformationsystems,0.611,journal,17
intelligentautomationandsoftcomputing,0.652,journal,22
journalofcircuitssystemsandcomputers,0.595,journal,23
designautomationforembeddedsystems,0.516,journal,26
actascientiarum-technology,0.231,journal,12
automatika,0.217,journal,16
neuralnetworkworld,0.5,journal,22
journalofinformationscienceandengineering,0.327,journal,32
journalofwebengineering,0.311,journal,10
imagingsciencejournal,0.366,journal,19
journalofdatabasemanagement,0.231,journal,29
internationaljournalofwebservicesresearch,0.405,journal,24
romanianjournalofinformationscienceandtechnology,0.28800000000000003,journal,12
journalofartificialintelligence,1.2570000000000001,journal,10
electronicsandcommunicationsinjapan,0.261,journal,10
cryptologia,0.326,journal,14
icgajournal,0.313,journal,13
journaloftheinstituteoftelecommunicationsprofessionals,0.22899999999999998,journal,12
iranianjournalofscienceandtechnology-transactionsofelectricalengineering,0.519,journal,3
acmtransactionsonasianandlow-resourcelanguageinformationprocessing,0.33899999999999997,journal,2
acmtransactionsonprivacyandsecurity,0.444,journal,1
